<?xml version=1.0>
<contents>
   <content>
      <title>JOB1</title>
      <source></source>
      <destination></destination>
      <ftpid></ftpid>
      <ftppw></ftppw>
      <deletedsafe>false</deletedsafe>
      <deleted></deleted>
      <encrypt>false</encrypt>
      <encryptpassword></encryptpassword>
      <disabled>false</disabled>
   </content>
   <content>
      <title>JOB2</title>
      <source></source>
      <destination></destination>
      <ftpid></ftpid>
      <ftppw></ftppw>
      <deletedsafe>false</deletedsafe>
      <deleted></deleted>
      <encrypt>false</encrypt>
      <encryptpassword></encryptpassword>
      <disabled>false</disabled>
   </content>
   <content>
      <title>JOB3</title>
      <source></source>
      <destination></destination>
      <ftpid></ftpid>
      <ftppw></ftppw>
      <deletedsafe>false</deletedsafe>
      <deleted></deleted>
      <encrypt>false</encrypt>
      <encryptpassword></encryptpassword>
      <disabled>false</disabled>
   </content>
</contents>
